CREATE DATABASE  IF NOT EXISTS `free` /*!40100 DEFAULT CHARACTER SET utf8mb4 COLLATE utf8mb4_unicode_ci */ /*!80016 DEFAULT ENCRYPTION='N' */;
USE `free`;
-- MySQL dump 10.13  Distrib 8.0.33, for Win64 (x86_64)
--
-- Host: 3.36.95.217    Database: free
-- ------------------------------------------------------
-- Server version	8.2.0

/*!40101 SET @OLD_CHARACTER_SET_CLIENT=@@CHARACTER_SET_CLIENT */;
/*!40101 SET @OLD_CHARACTER_SET_RESULTS=@@CHARACTER_SET_RESULTS */;
/*!40101 SET @OLD_COLLATION_CONNECTION=@@COLLATION_CONNECTION */;
/*!50503 SET NAMES utf8 */;
/*!40103 SET @OLD_TIME_ZONE=@@TIME_ZONE */;
/*!40103 SET TIME_ZONE='+00:00' */;
/*!40014 SET @OLD_UNIQUE_CHECKS=@@UNIQUE_CHECKS, UNIQUE_CHECKS=0 */;
/*!40014 SET @OLD_FOREIGN_KEY_CHECKS=@@FOREIGN_KEY_CHECKS, FOREIGN_KEY_CHECKS=0 */;
/*!40101 SET @OLD_SQL_MODE=@@SQL_MODE, SQL_MODE='NO_AUTO_VALUE_ON_ZERO' */;
/*!40111 SET @OLD_SQL_NOTES=@@SQL_NOTES, SQL_NOTES=0 */;

--
-- Table structure for table `letters`
--

DROP TABLE IF EXISTS `letters`;
/*!40101 SET @saved_cs_client     = @@character_set_client */;
/*!50503 SET character_set_client = utf8mb4 */;
CREATE TABLE `letters` (
  `letter_id` bigint NOT NULL AUTO_INCREMENT,
  `content` varchar(255) COLLATE utf8mb4_unicode_ci NOT NULL,
  `create_at` datetime(6) NOT NULL,
  `file_url` varchar(255) COLLATE utf8mb4_unicode_ci DEFAULT NULL,
  `hint_content` varchar(255) COLLATE utf8mb4_unicode_ci DEFAULT NULL,
  `is_read` bit(1) NOT NULL,
  `receiver_id` bigint NOT NULL,
  `sender_id` bigint NOT NULL,
  `store` bit(1) DEFAULT NULL,
  `type` int NOT NULL,
  PRIMARY KEY (`letter_id`)
) ENGINE=InnoDB AUTO_INCREMENT=55 DEFAULT CHARSET=utf8mb4 COLLATE=utf8mb4_unicode_ci;
/*!40101 SET character_set_client = @saved_cs_client */;

--
-- Dumping data for table `letters`
--

LOCK TABLES `letters` WRITE;
/*!40000 ALTER TABLE `letters` DISABLE KEYS */;
INSERT INTO `letters` VALUES (1,'아니 이게 맞아? 왜 빌드 되는건데','2023-11-14 16:58:48.294851','','끼잉낑',_binary '',2,1,_binary '',3),(2,'나 너무 슬퍼 승민아..\n','2023-11-14 17:12:07.637842','','ㅜㅜ',_binary '',1,5,_binary '',3),(3,'친구가업다','2023-11-14 17:25:04.141846','','짜쓱아',_binary '',6,9,_binary '',3),(4,'뀨잉\n너랑 놀구싶어\n빨리 놀자~~~\n우리 취뽀하면 오마카세 가자 어때?ㅎ','2023-11-14 18:13:03.825070','','은정이사랑행',_binary '',14,5,_binary '',3),(5,'바보 ','2023-11-14 18:25:12.625657','','워싱시',_binary '',1,20,_binary '',3),(6,'예슬이언니 정말루다가 언니랑 똑닮은 사이트를 만들었구나 엄청 귀여워 아기자기하고 어떻게 이런걸 만들었을까 ? 난 코딩이라고는 겨우 클릭버튼 만들기만 해 본 사람인데 넘넘 신기하고 멋지다 ! ! ! 나랑 다른 일을 잘하고 있는 모습이 매우매우 뿌듯하고 얼마나 고생했을지 눈물이 날 듯 ~ ~ 말 듯 ㅎㅎ ~ 여튼 우리는 모두 다 다른 일을 하고 있구나 왠지 조금 웃긴걸 . . 딱 보니 서울에 곧 올라올 것 같아 정말루 ~ 또 연휴에 보자 우 하 하 . ! ','2023-11-14 18:38:16.653751','','',_binary '',2,21,_binary '',3),(7,'와 은정언니 이거 프론트 누가했냐 미쳤네;; 개깔끔 그 잡채,,, UI개 부드럽게 잘움직이는디? 어케 했누;; 프론트 개쌉고수네 역시 내가 보는 안목이 있다니까?!','2023-11-14 20:09:26.566556','','내가 낸데 왜',_binary '',5,25,_binary '',3),(8,'하이루~ 잘 지내고 있나!! 번호 있는 사람들 찾아서 보내고 있는데 딱 마침 조회가 되는구만! 좋다좋다~ 이제 호떡 제철인데 자주 먹으러 가는감ㅋㅋㅋㅋㅋㅋㅋ ㅃ2 ','2023-11-14 20:14:06.354280','','마 같은 핵교댕깃다 아이가',_binary '\0',15,25,_binary '',3),(9,'규렬언니 하이~ 요새 잘 지내나! 아 나 mm탈퇴 되는 바람에 연락 잘 못하는게 아쉽구만~ 항상 응원하고 있습니다!! 도움 필요하면 언제든 연락하십쇼!','2023-11-14 20:17:06.416680','','이미 호칭에서 들통났쥬?',_binary '',20,25,_binary '',3),(10,'안녕 반가워 ! ','2023-11-15 10:33:01.029026','https://star23shop-bucket.s3.ap-northeast-2.amazonaws.com/98fd3be9-33bc-707b-17d8-1dd5287584aa다운로드.jfif','나... 니.. 앞에있다...?',_binary '\0',11,6,_binary '',2),(11,'난 나야.','2023-11-15 10:40:50.168399','','',_binary '\0',28,28,_binary '',3),(12,'뚜룹두','2023-11-15 10:48:38.911387','https://star23shop-bucket.s3.ap-northeast-2.amazonaws.com/da80bc53-9033-4300-2720-859eacf051e3IMG_1756.png','후루루',_binary '\0',11,6,_binary '',2),(13,'뚜룹두','2023-11-15 10:48:38.759717','https://star23shop-bucket.s3.ap-northeast-2.amazonaws.com/da80bc53-9033-4300-2720-859eacf051e3IMG_1756.png','후루루',_binary '\0',11,6,_binary '',2),(14,'뀨잉뀨...언니...냅다 연지야를 먼저 적고 시작하면 어떡해 \n이건 익명 편지야 라고 생각했는데 생각해보니 나를 아니깐 연지야라고 부를 수 있겠구나....웃기다 시연 시나리오는 그래요...다들 그렇게 하고 나면 우리 ucc는 뭐 얘기해야할 거 아니에요..? 차선호님 출연시키고 신운님 출연시킬 거면 오늘 어? 해야지? 어?\n휴 언니 보고싶당 언니 나 디비 수정 그만하고시풔~~~! 언니 알라븅 행복','2023-11-15 16:23:17.331608','','난 너고 넌 나야~!',_binary '\0',34,33,_binary '',3),(15,'사랑해','2023-11-15 17:02:45.394153','https://star23shop-bucket.s3.ap-northeast-2.amazonaws.com/57521b90-c752-97e4-ed29-0f40fa8ee0de7107A9EC-E75A-4782-8533-7F0F37343B25.jpeg','',_binary '\0',26,5,_binary '',2),(16,'귀여워','2023-11-15 17:03:33.400992','https://star23shop-bucket.s3.ap-northeast-2.amazonaws.com/5a450680-84eb-9f15-8dcf-ceb708efc1ccAC4E2E1E-6CBB-4E00-8496-99FF6AF08005.jpeg','',_binary '',2,5,_binary '',2),(17,'ㅇㅅㅇ','2023-11-16 10:01:55.239913','https://star23shop-bucket.s3.ap-northeast-2.amazonaws.com/e64a5f66-5f2e-5969-f105-33ce6a61d959beastmode.png','',_binary '',2,11,_binary '',2),(18,'뚜룹뚜뚜뚜룹','2023-11-16 10:02:14.992176','https://star23shop-bucket.s3.ap-northeast-2.amazonaws.com/a6befb11-a2db-d33e-6ce1-cb8da13047e6다운로드.jfif','나는 카와이',_binary '',2,6,_binary '',2),(19,'나 는 귀 여 워 ! ','2023-11-16 10:03:12.762915','https://star23shop-bucket.s3.ap-northeast-2.amazonaws.com/7d244e34-5466-dc5b-85b2-5e24b159e36f다운로드.jfif','귀 염 둥 이',_binary '',2,6,_binary '',2),(20,'게 이동 영상','2023-11-16 10:06:46.352011','https://star23shop-bucket.s3.ap-northeast-2.amazonaws.com/b093e4c3-2624-c60c-b99c-f9483f49bb87공통PJT_부울경_1반_E103_UCC경진대회.mp4','',_binary '',2,6,_binary '',1),(21,'감자','2023-11-16 10:23:43.124517','https://star23shop-bucket.s3.ap-northeast-2.amazonaws.com/6011fbb7-9c58-ce03-ff95-cddd17e76877불꽃놀이3.wav','',_binary '',2,11,_binary '',0),(22,'나 너 좋아하냐...?','2023-11-16 10:34:13.648274','https://star23shop-bucket.s3.ap-northeast-2.amazonaws.com/0c0048f4-b533-40c6-d7a0-10f0a0c75147다운로드(1).jfif','',_binary '',6,5,_binary '',2),(23,'안뇽 은정아\n싸피에서 너라는 사람을 알게 되어서 너무 죠아!\n우리 싸피 끝나고도 계속 우정 이어가는거댜~~\n우리 꽃길만 걷쟈~!~!~!','2023-11-16 10:35:33.931686','','말투보고 맞춰봥 ><',_binary '',6,2,_binary '',3),(24,'안뇽 안뇽 나 누구게 맞춰봐랑 헤헤 \n꺄앙 >_<','2023-11-16 10:36:24.255014','','맞춰봥!',_binary '\0',1,2,_binary '',3),(25,'혼자 카우치 포테이토해서 미안해\n하지만 프링글스 너무 맛있는 걸\n이틀만 더 카우치 포테이토 할게 이해해줘 ^_^\n그럼 20000,,,,','2023-11-16 10:38:33.778063','https://star23shop-bucket.s3.ap-northeast-2.amazonaws.com/07362aa4-d970-eba2-b7d6-97cc4045c05eimage(19).png','카우치 포테이토걸',_binary '',6,5,_binary '',2),(26,'크리스마스에 뭐해?\n나랑 영화볼래?','2023-11-16 10:43:01.303554','','커피',_binary '',6,5,_binary '',3),(27,'혹시.. 나랑 담배한대 필래..?','2023-11-16 10:43:59.557414','https://star23shop-bucket.s3.ap-northeast-2.amazonaws.com/4d94fba2-30e4-631c-7a58-245bfdeab2ebnor.png','금연캠페인 공모전 대상 수상자',_binary '',6,11,_binary '',2),(28,'나 누구게ㅋ','2023-11-16 10:47:25.935311','https://star23shop-bucket.s3.ap-northeast-2.amazonaws.com/dbc7f995-f381-e80b-7469-a7c91221b9ca다운로드(2).jfif','카와이네',_binary '',6,5,_binary '',2),(29,'화이팅','2023-11-16 10:48:20.209484','','',_binary '\0',1,36,_binary '',3),(30,'오리오리가오리','2023-11-16 11:02:57.272402','','',_binary '',6,5,_binary '',1),(31,'친구에게 보내기!!!!','2023-11-16 12:08:03.159801','','',_binary '',2,39,_binary '',3),(32,'꺄향 ~~~~\n너 내 도..ㄷㄷ도도독','2023-11-16 15:09:30.983836','','',_binary '',5,6,_binary '',3),(33,'규려르쟝 카와이라능','2023-11-16 15:25:19.193255','','암 유얼 펜',_binary '\0',20,6,_binary '',3),(34,'나 너 좋아해','2023-11-16 16:10:53.006694','','나 너랑 영화봤어',_binary '',5,41,_binary '',3),(35,'너 요즘 귀엽다?\n하지만 내가 더 귀여워.','2023-11-16 16:13:53.409390','https://star23shop-bucket.s3.ap-northeast-2.amazonaws.com/0c46c5f4-05ad-325d-c949-c9ef975f38fd다운로드(2).jfif','뀨',_binary '',6,6,_binary '',2),(36,'이렇게 하면 널 가질 수 있을 거라 생각했어`','2023-11-16 16:14:02.924750','https://star23shop-bucket.s3.ap-northeast-2.amazonaws.com/ca1a975b-499b-d763-7428-7582a75ecdca이렇게하면널.png','롤렉스시계',_binary '',6,11,_binary '',2),(37,'크리스마스에 뭐해?\n나랑 영화보러 갈래?','2023-11-16 16:14:31.805239','','우리 저때 먹었던 고기 맛있었지?',_binary '',6,6,_binary '',3),(38,'카우치 포테이토는ㄴ\n포테이토는 사랑해요\n포테이토는 양파맛이\n제일 맛있어요','2023-11-16 16:15:24.469253','','카우치 포테이토걸',_binary '',6,6,_binary '',3),(39,'나 너 좋아하냐?','2023-11-16 16:15:56.380110','https://star23shop-bucket.s3.ap-northeast-2.amazonaws.com/b40a361b-f29c-d9c8-4394-be0eccd1f46a다운로드(1).jfif','',_binary '',6,6,_binary '',2),(40,'. 　。　　　　•　 　ﾟ　　。 . •　. 　。\n　　.　　　.　　　 　　.　　　　　。　　 。　.\n　.　　 . 。　 ඞ 。　 . •\n• . 싸피는 임포스터였습니다.　 。　.\n　 　　。　　　　　　ﾟ　　　.　　　　　.\n。　　　　.　 .　　 . . . 　。　　 .','2023-11-16 16:16:06.962254','','',_binary '',6,11,_binary '',3),(41,'고생했...어..','2023-11-16 16:18:15.826573','https://star23shop-bucket.s3.ap-northeast-2.amazonaws.com/0ad65cc3-6760-c9c5-4d9b-a1b7551622a9sad.PNG','',_binary '',6,11,_binary '',2),(42,'안녕 예슬아 ! \n나는 내가 너무 귀여운것 같아 ','2023-11-16 16:38:30.009599','https://star23shop-bucket.s3.ap-northeast-2.amazonaws.com/65afdd18-f8d8-1a4f-cc9c-1b5b4f5de3ab다운로드.jfif','나 새로 케이스 샀다',_binary '',2,6,_binary '',2),(43,'호오오오이쨔! ','2023-11-16 18:26:46.298881','https://star23shop-bucket.s3.ap-northeast-2.amazonaws.com/1a913cd9-73d5-8c2f-1ef8-6967d228e60fIMG_1743.jpeg','나는 조무래기..',_binary '\0',11,6,_binary '',2),(44,'냠냠베리','2023-11-17 02:41:18.989916','','',_binary '',6,11,_binary '',3),(45,'주말에 뭐해?\n나랑 밥 막을래?\n나랑 영화 볼래?\n','2023-11-17 09:22:16.675639','','아기고앵이',_binary '\0',6,5,_binary '',2),(46,'뚜룹뚜뚜룹뚜','2023-11-17 09:25:41.977604','https://star23shop-bucket.s3.ap-northeast-2.amazonaws.com/bb9ec9c4-f2e9-85a3-8890-695924432738다운로드.jfif','꺄를ㄹㄹㄹㄹㄹㄹㄹㄹㄹㄹㄹ',_binary '\0',11,1,_binary '',2),(47,'뚜룹뚜뚜뚜룹','2023-11-17 10:00:23.463035','https://star23shop-bucket.s3.ap-northeast-2.amazonaws.com/b59ea327-e3dd-c829-673c-6576ea6aeac5beastmode.png','나는 귀염둥이',_binary '\0',11,6,_binary '\0',2),(48,'자몽허니블랙티\n맛있는데\n먹을래?','2023-11-17 10:07:27.610101','','',_binary '',6,5,_binary '',3),(49,'너 나 좋아하니?','2023-11-17 10:12:08.616495','https://star23shop-bucket.s3.ap-northeast-2.amazonaws.com/a30d090c-1397-9eb8-159d-b19036e71d1aFECA2328-F128-42A5-9D6A-8B3798C1CD5A.jpeg','냥냥',_binary '\0',6,5,_binary '',2),(50,'뚜룹뚜뚜\n기다려주셔서 감사합니다 :)','2023-11-17 12:01:16.875160','https://star23shop-bucket.s3.ap-northeast-2.amazonaws.com/21a2f5f4-c6d9-f5f3-2ffb-02089153d447beastmode.png','저는 귀엽습니다',_binary '\0',11,6,_binary '\0',2),(51,'햄버거의 색깔은 무엇일까요?','2023-11-17 12:08:06.309701','','영어',_binary '\0',44,45,_binary '\0',2),(52,'안농 동주시 \n나는 너의 1004 .. ⭐\n나랑 놀아줘서 고마오 .. ? (ㅋㅋ)','2023-11-17 12:08:40.261637','','1004',_binary '\0',45,44,_binary '\0',3),(53,'안농 동주시 \n나는 너의 1004 .. ⭐\n나랑 놀아줘서 고마오 .. ? (ㅋㅋ)','2023-11-17 12:08:40.409869','','1004',_binary '\0',45,44,_binary '\0',3),(54,'햄버거의 색깔은?','2023-11-17 12:11:47.733049','','버건디ㅋㅋ',_binary '\0',44,45,_binary '\0',3);
/*!40000 ALTER TABLE `letters` ENABLE KEYS */;
UNLOCK TABLES;

--
-- Table structure for table `members`
--

DROP TABLE IF EXISTS `members`;
/*!40101 SET @saved_cs_client     = @@character_set_client */;
/*!50503 SET character_set_client = utf8mb4 */;
CREATE TABLE `members` (
  `member_id` bigint NOT NULL AUTO_INCREMENT,
  `create_at` datetime(6) NOT NULL,
  `is_write` bit(1) NOT NULL,
  `password` varchar(255) COLLATE utf8mb4_unicode_ci DEFAULT NULL,
  `phone` varchar(255) COLLATE utf8mb4_unicode_ci NOT NULL,
  PRIMARY KEY (`member_id`),
  UNIQUE KEY `UK_1ftq959eeh8vwc4ywlxwclqjj` (`phone`)
) ENGINE=InnoDB AUTO_INCREMENT=46 DEFAULT CHARSET=utf8mb4 COLLATE=utf8mb4_unicode_ci;
/*!40101 SET character_set_client = @saved_cs_client */;

--
-- Dumping data for table `members`
--

LOCK TABLES `members` WRITE;
/*!40000 ALTER TABLE `members` DISABLE KEYS */;
INSERT INTO `members` VALUES (1,'2023-11-14 16:55:24.972070',_binary '\0','$2a$10$ux4Bq20MGXOXmn1I9Er.rOAUrK2vbM7/Hdl9z7mRMES.Vd4aTgX7e','01035971081'),(2,'2023-11-14 16:55:32.393773',_binary '\0','$2a$10$y42Ed45maFlJmtadS6RPievLkXpOxKSaKbwx0F0DW9ntOndfXjxi6','01074696854'),(3,'2023-11-14 17:05:43.737500',_binary '\0','$2a$10$AOW6Gngx/dn3aIdfo7ll2.k3C1PElxQCiSZPuU1nzkamepEMykF9e','01049996836'),(4,'2023-11-14 17:07:10.897500',_binary '\0','$2a$10$Z0b6njAKThSJPisPlnSUUuV4m25BdSYPtFY5knBk4P9i9AaIfxj4y','01099534415'),(5,'2023-11-14 17:10:08.468548',_binary '\0','$2a$10$OCjzwn5K4xRITRI93fpKsulcJy247LRC8XouSKGXikHUPrRIbRW1m','01048436836'),(6,'2023-11-14 17:12:05.021897',_binary '','$2a$10$FjHI97c4e3jQo35KzQpiruBHeiyFMLL5Zh0MCaMx38OzjJE1z1xW6','01026760690'),(7,'2023-11-14 17:18:00.004791',_binary '\0','$2a$10$qd2a30JEabpOrzcLHGvDAutv.MS6K6kNm1Bm5ugxJOd.Ec4L6lq4i','01056280388'),(8,'2023-11-14 17:22:40.794020',_binary '\0','$2a$10$IQ8w2GLIOTwl3sltmDXRwe9NsM3ghh9uaslx9OLfCJZIr15JweHNa','01073705177'),(9,'2023-11-14 17:23:50.261476',_binary '\0','$2a$10$HRkvCjRtRKeItesydgREDO61Q2ka5AjyeNDeewpnyUIGfTYsr8PLK','01098630690'),(10,'2023-11-14 17:26:47.033688',_binary '\0','$2a$10$.jpbWKvsyYcMjBhEHHFlXeEmPPJKuu61R3xG/1cySeaHAmxk9wIqK','01072241298'),(11,'2023-11-14 17:31:50.810579',_binary '\0','$2a$10$fDJRJBjcAERy7F6HaiY00.J34sh7VuymWOO0GjR/1pkC.MAU5GQVe','01068711020'),(12,'2023-11-14 17:34:38.942693',_binary '\0','$2a$10$YilnmJnfmGVuFE9pBlZ3XOJEWmSDgPbQkawAydfQlPyQQMvrHRgZS','01026356228'),(13,'2023-11-14 17:35:04.394349',_binary '\0','$2a$10$NszGlsddB55eT/tDXFFxQe8cGL.zAaUx2QknwZXV8IgKdtp46PC1G','01073882408'),(14,'2023-11-14 17:45:56.062123',_binary '\0','$2a$10$RnaMzHFEHuT.dM1qSPnuyOextz9wOpXyC9nCSbQnjkTX5D0G9.IiW','01046005474'),(15,'2023-11-14 17:46:18.250035',_binary '\0','$2a$10$hbHc0OJEtc/WkK9WDKfjOe85t.oqj2gbTBOXMiO0nsSXjtW2sapba','01062731693'),(16,'2023-11-14 17:56:13.430926',_binary '\0','$2a$10$ahL5uwKAKIn1hV/XtDZpZeSfTzobgv7bu6Rp2QgiTm5bpTVvRetdK','01093163158'),(17,'2023-11-14 17:59:00.018589',_binary '\0','$2a$10$oeumDuKF21IwVUEaZ3IKEOU8hcj4PfYEPSi7RmcLCzCZrzOv63bYO','01063828615'),(18,'2023-11-14 17:59:11.535211',_binary '\0','$2a$10$MvI57cXNav.AXFRyiGw9QORSYeKWi4FfAJvvYh26O8r8lBhdZUQf.','01055439083'),(19,'2023-11-14 18:11:29.864272',_binary '\0','$2a$10$atmQKuideiCZ62eDrh6QYeEdPJ6UGSGM2H3OjaAc4uC6UxA2LBb.m','01040572960'),(20,'2023-11-14 18:22:35.003840',_binary '\0','$2a$10$6w6ylLajYls.8xuDGUXCDu1ylgQ5u7igMR7DmOLCJkzTwldxKZUuS','01067647939'),(21,'2023-11-14 18:24:44.958293',_binary '\0','$2a$10$sYeOQiL4.jxioQQGZr1ieuhmXfeBNwRf4oUtub7jXSDjP7bocXhO2','01077453668'),(22,'2023-11-14 18:53:58.040953',_binary '\0','$2a$10$ih2V.lc1x/uNkQ3Gm3Pq/uyeJAuimAhrjP.ycBLOdghxFbvAcF24O','01055586902'),(23,'2023-11-14 19:27:11.600934',_binary '\0','$2a$10$/X1weIjO2jbj/5BkLt7mKupvUwFHGph/HWu1ST5jL8oC2oeIoRYIK','01031610041'),(24,'2023-11-14 19:37:29.100874',_binary '\0','$2a$10$I/lUC9BERNxZ1oyUqFIT.e0lXuVpX9Sq05jdh8sdNDJCuCmjfslpK','01089851480'),(25,'2023-11-14 20:05:50.732092',_binary '\0','$2a$10$Z7Vc7SQpCFfbQJ46R7MlW.43Vrn.qzgaY6x9.QxvOLlA/XT6gqzme','01087318547'),(26,'2023-11-14 21:05:26.789207',_binary '\0','$2a$10$ADKALGca/YTeVOSUtB3zGeD459EeNFlOBoXaLV93xQ1aBN6rn42DK','01054510814'),(27,'2023-11-14 22:55:49.997330',_binary '\0','$2a$10$bS8s7LDdA6B3AXZdjspBduzMMlM.OB8SKimtNwIYdyF78l/6rV4uu','01089566525'),(28,'2023-11-15 10:40:12.214391',_binary '\0','$2a$10$ZrlNJ.q3fnCCTsswDiJJ2OT7cqBrxJZXWzOVoZqA0kmKrNZOpNiwG','01032783118'),(29,'2023-11-15 14:33:42.561531',_binary '\0','$2a$10$Y8xHXPnK6Jjl0HGEXuC3aOenCm9MahPvBQwBxS0QXUhAZHM3e9Twe','01025734885'),(30,'2023-11-15 14:33:47.309339',_binary '\0','$2a$10$TQq6oL/gCZ.QRqdWkPua4uxRIqSs3XwLwLumLXy32DBYxx0GHK52.','01051587034'),(31,'2023-11-15 14:44:13.866513',_binary '\0','$2a$10$UQ6MpS6PSM4hOg2sCcEdj.2801ngaWdu/LVyLU3EDLWC/LNvQR8RC','01028646822'),(32,'2023-11-15 15:51:19.650856',_binary '\0','$2a$10$k0KAxm4CSTZj2Jdb9anore8Z3t2ye2PB/QMIUh2NopLqxOTJ/qic2','01075759443'),(33,'2023-11-15 16:19:37.115092',_binary '\0','$2a$10$7d.EsPUQ06tc0H2VFyy83ODJxDfzDCKTXZuHtI6OiHIPx5JD7cl6q','01045213421'),(34,'2023-11-15 16:21:03.961039',_binary '\0','$2a$10$m8.TBZwNOt7G8ZzUN.stj.b6iKxYRriO/TZ/vLiyiUx1A.ta2ugSG','01065881824'),(35,'2023-11-15 17:02:29.419445',_binary '\0','$2a$10$VJNOhqFIOmspFHjXd7JaoODmEgQ0r2qva1M9rwzNPR0XE6SR8umHe','01050075201'),(36,'2023-11-15 17:22:48.637691',_binary '','$2a$10$JO0krVgq35lHUQY//cgX4uj4z7ObockOHczIoZGyOoIArfw3RSj0O','01039943264'),(37,'2023-11-16 00:40:29.043013',_binary '\0','$2a$10$fRL/wiatD6aUgA8gWQSwMekTMBivMZuYcKwS.Uyt9b/BTsGVmETwq','01054114481'),(38,'2023-11-16 10:34:46.303620',_binary '\0','$2a$10$Sb8rKSvzaaOwwIiPzxr/E.5DHHyOIklV/miDSMD5OgG9ur949VQnO','01097653145'),(39,'2023-11-16 12:04:44.929073',_binary '\0','$2a$10$1S88Kann318HexHTZ.Gdru.rX4YAoSM2UIgU9TlJfw4USE0/xo3a.','01068447858'),(40,'2023-11-16 15:30:26.591537',_binary '\0','$2a$10$e2bhayba/ehCkUCtJN/1/egt5rKJqLFh.mfMgwjttXUwkFuPvSRSS','01091202566'),(41,'2023-11-16 16:04:37.476675',_binary '\0','$2a$10$oCzPg/vjDiuSV2LVin4OfevOOFWbZOVRNttnE1CD.1BTcoDSZrBny','01099455255'),(42,'2023-11-16 16:06:36.440361',_binary '\0','$2a$10$QsMWJqFo2b751pqdwXr84OhJws8EenFOmOrRiS0PDd4H4G1.CpLqC','01046089468'),(43,'2023-11-16 21:15:57.186110',_binary '\0','$2a$10$tHWAGQWFGCpYUanyBu3fyuVl9FgcDJ5NgoVFZ1SmKYZgqw4k19GiG','01025576240'),(44,'2023-11-17 12:06:16.669022',_binary '\0','$2a$10$WEkb8LAnDFlZwD9gPwEvaeuqtxUZq1U4scVAbbMo2pPycGbzopLs6','01062759821'),(45,'2023-11-17 12:06:21.366959',_binary '','$2a$10$gbyLKhEzcZ8AplUCP9eHSuDrvcIGH5fflvcwrylUVmp0dwhpda4bC','01067176816');
/*!40000 ALTER TABLE `members` ENABLE KEYS */;
UNLOCK TABLES;

--
-- Table structure for table `notes`
--

DROP TABLE IF EXISTS `notes`;
/*!40101 SET @saved_cs_client     = @@character_set_client */;
/*!50503 SET character_set_client = utf8mb4 */;
CREATE TABLE `notes` (
  `note_id` bigint NOT NULL AUTO_INCREMENT,
  `content` varchar(300) COLLATE utf8mb4_unicode_ci NOT NULL,
  `created_at` datetime(6) NOT NULL,
  `is_read` bit(1) NOT NULL,
  `is_reply` bit(1) NOT NULL,
  `is_store` bit(1) DEFAULT NULL,
  `receiver_id` bigint NOT NULL,
  `receiver_name` varchar(255) COLLATE utf8mb4_unicode_ci NOT NULL,
  `sender_id` bigint NOT NULL,
  `sender_name` varchar(255) COLLATE utf8mb4_unicode_ci NOT NULL,
  `room_id` bigint NOT NULL,
  PRIMARY KEY (`note_id`),
  KEY `FK43el3rbnd57wik5cic2c0xkni` (`room_id`),
  CONSTRAINT `FK43el3rbnd57wik5cic2c0xkni` FOREIGN KEY (`room_id`) REFERENCES `rooms` (`room_id`)
) ENGINE=InnoDB AUTO_INCREMENT=55 DEFAULT CHARSET=utf8mb4 COLLATE=utf8mb4_unicode_ci;
/*!40101 SET character_set_client = @saved_cs_client */;

--
-- Dumping data for table `notes`
--

LOCK TABLES `notes` WRITE;
/*!40000 ALTER TABLE `notes` DISABLE KEYS */;
INSERT INTO `notes` VALUES (1,'어쩔티비 저쩔티비','2023-11-14 16:59:10.253121',_binary '',_binary '',_binary '',2,'뜨거운 병아리',1,'네모난 디멘터',1),(2,'이 편지는 영국에서 최초로 시작되어 일년에 한바퀴를 돌면서 받는 사람에게 행운을 주었고 지금은 당신에게로 옮겨진 이 편지는 4일 안에 당신 곁을 떠나야 합니다. 이 편지를 포함해서 7통을 행운이 필요한 사람에게 보내 주셔야 합니다. 복사를 해도 좋습니다. 혹 미신이라 하실지 모르지만 사실입니다.','2023-11-14 17:07:46.960287',_binary '',_binary '',_binary '',1,'이기적인 펭귄',4,'쿨한 표범',2),(3,'저메추 해주삼','2023-11-14 17:25:23.576196',_binary '',_binary '',_binary '',1,'새하얀 삽살개',9,'성실한 진돗개',3),(4,'하이하잉','2023-11-14 17:27:01.108716',_binary '\0',_binary '\0',_binary '',7,'파파보이 여우',10,'걱정하는 패럿',4),(5,'안녕 반가워 죽여줘','2023-11-14 17:32:46.886124',_binary '\0',_binary '\0',_binary '',10,'형편없는 사슴',11,'흥겨운 피글렛',5),(6,'안뇽 안뇽 ','2023-11-14 17:34:06.544199',_binary '\0',_binary '\0',_binary '',4,'꿈이많은 삽살개',2,'미세한 코끼리',6),(7,'누군가 보리라','2023-11-14 17:35:46.523133',_binary '\0',_binary '\0',_binary '',10,'파파걸 진돗개',13,'아늑한 코뿔소',7),(8,'이승민에게 협박을 당하고 있습니다. 살려주세요','2023-11-14 17:46:52.660352',_binary '\0',_binary '\0',_binary '',14,'뻥쟁이 공작새',15,'뇌절하는 고래',8),(9,'너무 예쁘셔요','2023-11-14 17:56:29.790852',_binary '\0',_binary '\0',_binary '',15,'칙칙한 돌고래',16,'안경쓴 고래',9),(10,'하이용 ㅋㅋ','2023-11-14 17:59:31.947878',_binary '\0',_binary '\0',_binary '',3,'섹시한 빅풋',17,'허스키한 돌고래',10),(11,'ssafy 끝나는 기분 우울..\n1년만 더 시켜주면 잘할게욯ㅋ','2023-11-14 18:13:52.425402',_binary '\0',_binary '\0',_binary '',17,'미간이넓은 자라',5,'간이큰 홍학',11),(12,'자율 파이팅','2023-11-14 19:39:14.821082',_binary '\0',_binary '\0',_binary '',17,'허스키한 낙타',24,'방구뀌는 염소',12),(13,'이 팀 UI 맛집이네~','2023-11-14 20:06:45.678038',_binary '',_binary '',_binary '',2,'엉엉우는 표범',25,'짜증나는 살모사',13),(14,'야 누구냐','2023-11-15 09:50:07.811383',_binary '',_binary '',_binary '',6,'기타치는 불사조',1,'젊은 족제비',14),(15,'안녀어어엉','2023-11-15 10:33:11.711355',_binary '\0',_binary '\0',_binary '',7,'아름다운 다람쥐',6,'만년꼴등 산토끼',15),(16,'안녕하세용','2023-11-15 14:34:06.216174',_binary '\0',_binary '\0',_binary '',29,'추운 하프물범',30,'옴므파탈 익룡',16),(17,'인천앞바다의 반대말은?\n인천엄마다','2023-11-15 14:36:07.688766',_binary '',_binary '',_binary '',1,'이마가넓은 백조',29,'세련된 알파카',17),(18,'뭐하는서비스인가요뭐하는서비스인가요뭐하는서비스인가요뭐하는서비스인가요뭐하는서비스인가요뭐하는서비스인가요뭐하는서비스인가요뭐하는서비스인가요뭐하는서비스인가요뭐하는서비스인가요뭐하는서비스인가요뭐하는서비스인가요뭐하는서비스인가요뭐하는서비스인가요뭐하는서비스인가요뭐하는서비스인가요뭐하는서비스인가요뭐하는서비스인가요뭐하는서비스인가요뭐하는서비스인가요뭐하는서비스인가요뭐하는서비스인가요뭐하는서비스인가요뭐하는서비스','2023-11-15 14:44:57.218348',_binary '\0',_binary '\0',_binary '',7,'사악한 빅풋',31,'짓궂은 샐러맨더',18),(19,'화이팅~~~','2023-11-15 16:01:19.544745',_binary '\0',_binary '\0',_binary '',31,'설사쟁이 비둘기',32,'형편없는 개구리',19),(20,'안뇽하세여.....\n한 번 심심해서 작성해보는 편지입니다.. 지금 이걸 사용하고 계신 걸 보니 아마도 SSAFY 9기 분이실텐데 프로젝트 잘 마무리하시고 좋은 결과 있으시면 좋겠어용:)','2023-11-15 16:24:06.871717',_binary '\0',_binary '\0',_binary '',30,'소설쓰는 기러기',33,'심심한 낙타',20),(21,'이 편지는 한국에서 위싱시','2023-11-15 17:05:42.065461',_binary '\0',_binary '\0',_binary '',4,'쿨한 표범',1,'이기적인 펭귄',2),(22,'물이 귀엽게 안으면?\n물안경','2023-11-15 17:06:00.246285',_binary '\0',_binary '\0',_binary '',29,'세련된 알파카',1,'이마가넓은 백조',17),(23,'쓸데 없이 줄이지마 멍청한 놈아','2023-11-15 17:06:23.188136',_binary '',_binary '',_binary '',9,'성실한 진돗개',1,'새하얀 삽살개',3),(24,'오늘밤 당신의 간식을 훔쳐가겠습니다','2023-11-15 17:23:13.420805',_binary '',_binary '',_binary '',9,'기타치는 홍학',36,'휴가간 족제비',21),(25,'나는 서류 합격이 왜이리 안될까...ㅠㅠㅠㅠㅠ\n난 분명 잘 썼다고ㅡㅡ 진자 왜 날 안뽑는데 \n싸피 서류 가점 준다고 했잖아','2023-11-15 17:33:43.673825',_binary '\0',_binary '\0',_binary '',28,'섹시한 구렁이',1,'골골대는 코브라',22),(26,'안뇽 안뇽\n너의 오늘 하루는 어땠어??','2023-11-16 09:55:05.409103',_binary '\0',_binary '\0',_binary '',19,'칙칙한 휴먼',2,'심심한 곰',23),(27,'저쩔티비 어쩔티비','2023-11-16 09:56:04.275520',_binary '\0',_binary '\0',_binary '',1,'네모난 디멘터',2,'뜨거운 병아리',1),(28,'우하하 감사합니댱\n거기는 무슨 프로젝트 했나욤','2023-11-16 09:56:36.618285',_binary '\0',_binary '\0',_binary '',25,'짜증나는 살모사',2,'엉엉우는 표범',13),(29,'새로운메시징','2023-11-16 10:00:43.908265',_binary '',_binary '',_binary '',6,'손이매운 두더지',11,'눈이높은 부엉이',24),(31,'어제 공차 먹었는데\n너무 맛있었어요..\n밀크티 체고야 체고','2023-11-16 11:29:01.022459',_binary '',_binary '',_binary '',6,'설사쟁이 닭',5,'돈을훔치는 치타',26),(32,'너는 누구냐','2023-11-16 12:06:17.603565',_binary '',_binary '',_binary '',6,'걱정하는 당나귀',39,'똑똑한 바비루사',27),(33,'내곤 왜 안사됴','2023-11-16 14:57:18.369617',_binary '',_binary '',_binary '',5,'돈을훔치는 치타',6,'설사쟁이 닭',26),(34,'모야모야 넌 뭐야ㅡㅡ','2023-11-16 15:07:30.648623',_binary '\0',_binary '\0',_binary '',1,'젊은 족제비',6,'기타치는 불사조',14),(35,'Who are you?\n\nI\'m 000.\n\nI\'m 힘들어요 now.\n\n빨리 want 해요 휴식.\n\nProject 끝나면 즐거운 vacation 되세요.','2023-11-16 15:32:41.941006',_binary '',_binary '',_binary '',6,'정직한 메추라기',40,'손톱때가낀 자라',28),(36,'이 편지 받은 사람은 보라!\nhype-note.com 으로 가입하도록 하여라!','2023-11-16 16:07:17.785488',_binary '',_binary '',_binary '',6,'짜증나는 너구리',42,'우등생 갑오징어',29),(37,'나 좋아하는 여자애랑 밥도 먹고 영화도 보는데 이거 그린라이트일까?','2023-11-16 16:08:42.363271',_binary '',_binary '',_binary '',2,'만년1등 햄스터',41,'예민한 원숭이',30),(38,'마쟈! 그거 누가봐도 그린라이트야!!! ','2023-11-16 17:04:16.214524',_binary '\0',_binary '\0',_binary '',41,'예민한 원숭이',2,'만년1등 햄스터',30),(39,'싫어요 ! ','2023-11-16 17:12:31.076255',_binary '\0',_binary '\0',_binary '',42,'우등생 갑오징어',6,'짜증나는 너구리',29),(40,'나는 ... 조무래기','2023-11-16 17:12:45.020847',_binary '\0',_binary '\0',_binary '',39,'똑똑한 바비루사',6,'걱정하는 당나귀',27),(41,'좋아요 ..! ','2023-11-16 17:13:14.393483',_binary '\0',_binary '\0',_binary '',40,'손톱때가낀 자라',6,'정직한 메추라기',28),(42,'생강편 가져가','2023-11-16 17:13:43.036218',_binary '\0',_binary '\0',_binary '',36,'휴가간 족제비',9,'기타치는 홍학',21),(43,'ㅇㅉㄹㄱ~','2023-11-16 17:14:02.721850',_binary '\0',_binary '\0',_binary '',1,'새하얀 삽살개',9,'성실한 진돗개',3),(44,'답쟝답쟝','2023-11-16 17:14:15.134546',_binary '\0',_binary '\0',_binary '',11,'눈이높은 부엉이',6,'손이매운 두더지',24),(45,'나 오늘 프로젝트하는데 개빡쳤다ㅏ앙아아아아아아 \n진짜 세상 살기 힘들다 ..','2023-11-16 17:17:18.065194',_binary '\0',_binary '\0',_binary '',38,'쿠키를먹는 소',6,'눈이충혈된 토끼',31),(46,'왜냐면 나는 돈이 옵으니까 *(^o^)/* ','2023-11-17 09:12:39.414208',_binary '',_binary '',_binary '',6,'설사쟁이 닭',5,'돈을훔치는 치타',26),(47,'디지털 세상을 잇는 민들레 꽃씨가 되고싶다..','2023-11-17 09:16:21.334272',_binary '\0',_binary '\0',_binary '',6,'똑똑한 호랑이',41,'날아가는 물개',32),(48,'안뇽 안뇽\n저희 서비스에 만족하시나요?','2023-11-17 09:17:31.238884',_binary '\0',_binary '\0',_binary '',6,'칙칙한 도시쥐',2,'뻥쟁이 불사조',33),(49,'당신의 인생 명작\n책 영화 음악 아무거나 말해보세욤','2023-11-17 09:23:33.673002',_binary '\0',_binary '\0',_binary '',25,'욕심많은 빅풋',5,'고주망태인 토끼',34),(50,'나 오늘 엄청 화난능 일 있었어유ㅠㅠㅠㅠㅠㅠㅠㅠㅠㅠㅠㅠㅠㅠㅠㅠㅠㅠㅠㅠㅠㅠㅠㅠㅠㅠㅠㅠㅠㅠㅠㅠㅠㅠㅠㅠㅠㅠㅠㅠㅠㅠㅠㅠㅠㅠㅠㅠㅠㅠㅠㅠㅠㅠㅠㅠㅠㅠㅠㅠㅠㅠㅠ','2023-11-17 09:26:00.327618',_binary '\0',_binary '\0',_binary '',5,'옴므파탈 뱀',1,'불쌍한 삵',35),(51,'나 오늘 완즈이 떨렸다 !!!! ','2023-11-17 12:01:30.105924',_binary '\0',_binary '\0',_binary '\0',11,'앙증맞은 인면조',6,'젊은 기러기',36),(52,'배고파요','2023-11-17 12:03:01.815074',_binary '\0',_binary '\0',_binary '\0',20,'편안한 퓨마',36,'칙칙한 밍크',37),(53,'나 도 줘','2023-11-17 12:03:49.520047',_binary '\0',_binary '\0',_binary '\0',5,'돈을훔치는 치타',6,'설사쟁이 닭',26),(54,'외 않와','2023-11-17 12:10:26.047821',_binary '\0',_binary '\0',_binary '\0',17,'만년1등 악어',45,'카사노바 여우',38);
/*!40000 ALTER TABLE `notes` ENABLE KEYS */;
UNLOCK TABLES;

--
-- Table structure for table `papers`
--

DROP TABLE IF EXISTS `papers`;
/*!40101 SET @saved_cs_client     = @@character_set_client */;
/*!50503 SET character_set_client = utf8mb4 */;
CREATE TABLE `papers` (
  `paper_id` bigint NOT NULL AUTO_INCREMENT,
  `content` varchar(300) COLLATE utf8mb4_unicode_ci NOT NULL,
  `created_at` datetime(6) DEFAULT NULL,
  `icon` int DEFAULT NULL,
  `is_read` bit(1) DEFAULT NULL,
  `roll_id` bigint NOT NULL,
  PRIMARY KEY (`paper_id`),
  KEY `FKtkbh6xrmdtb8etq2t0aqnpa7a` (`roll_id`),
  CONSTRAINT `FKtkbh6xrmdtb8etq2t0aqnpa7a` FOREIGN KEY (`roll_id`) REFERENCES `rolls` (`roll_id`)
) ENGINE=InnoDB AUTO_INCREMENT=179 DEFAULT CHARSET=utf8mb4 COLLATE=utf8mb4_unicode_ci;
/*!40101 SET character_set_client = @saved_cs_client */;

--
-- Dumping data for table `papers`
--

LOCK TABLES `papers` WRITE;
/*!40000 ALTER TABLE `papers` DISABLE KEYS */;
INSERT INTO `papers` VALUES (1,'안뇽 은정아','2023-11-14 17:13:06.768063',3,_binary '',5),(2,'안뇽 안뇽','2023-11-14 17:13:19.631427',4,_binary '',5),(3,'미안하다..\nㅋ\n롤 우승하면 맛있는 거 사줘ㅎㅎ','2023-11-14 17:15:40.440889',4,_binary '\0',3),(4,'코스피 3000드가자 ~~','2023-11-14 17:20:51.832320',3,_binary '',1),(5,'오늘부터 다이어트 한다.\n\n근데 오늘 저녁 메뉴 뭐나오지','2023-11-14 17:21:27.314077',3,_binary '',1),(6,'이거 맞지롱~~~\n수빈이 고마워~~~~>_<\n수빈이 근데 우리 언제봐? 얼굴 까먹기 1초 전\n잘 지내구 있지? 무소식이 희소식이라고 생각하고 있으마 음하하\n곧 내 생일ㅇ야ㅎ ㄴ12월엔ㄴ 만나줘\n안만나주면 나 울억','2023-11-14 17:30:39.289407',4,_binary '',7),(7,'안냥 내 이름 보이니? 항상 건강하고 날씨가 넘 추워졌는데 따뜻하게 입고 다녀.. 진짜 춥다 넘 추워 ㅠㅠ 하 우리 언제 보니 조만간 부산갈게.. 퇴사를 해서라도 갈게 그럼 안녕.. 나 일해야해','2023-11-14 17:33:38.304317',4,_binary '\0',3),(8,'맴매','2023-11-14 17:35:18.183017',4,_binary '',11),(9,'ㅁㄴㅇㅁㄴㅇ','2023-11-14 17:35:48.821632',4,_binary '',11),(10,'dffffff','2023-11-14 17:35:52.059442',4,_binary '',11),(11,'으후루꾸꾸루후으으후루꾸꾸루후으으후루꾸꾸루후으으후루꾸꾸루후으으후루꾸꾸루후으으후루꾸꾸루후으으후루꾸꾸루후으으후루꾸꾸루후으으후루꾸꾸루후으으후루꾸꾸루후으으후루꾸꾸루후으으후루꾸꾸','2023-11-14 17:36:12.038260',3,_binary '',11),(12,'ㅁㄴㅇㅁㄴ','2023-11-14 17:36:18.985089',2,_binary '',11),(13,'ㄱㄱ','2023-11-14 17:36:19.905263',4,_binary '',11),(14,'ㅁㄴㅇㅇㅁㄴㅇㅁㅇ','2023-11-14 17:36:28.788707',1,_binary '',11),(15,'이가 아프면 이상해요','2023-11-14 17:36:54.223367',4,_binary '',11),(16,'번창하세요','2023-11-14 17:36:55.137402',4,_binary '',11),(17,'화이팅','2023-11-14 17:37:12.087016',3,_binary '',11),(18,'이걸 날려?이걸 날려?이걸 날려?이걸 날려?이걸 날려?이걸 날려?이걸 날려?이걸 날려?이걸 날려?이걸 날려?이걸 날려?이걸 날려?이걸 날려?이걸 날려?이걸 날려?이걸 날려?이걸 날려?이걸 날려?이걸 날려?이걸 날려?이걸 날려?이걸 날려?이걸 날려?이걸 날려?이걸 날려?이걸 날려?이걸 날려?','2023-11-14 17:37:32.354165',2,_binary '',11),(19,'이거 몇명까지 늘어나는거에요?','2023-11-14 17:37:40.461081',1,_binary '',5),(20,'움직여','2023-11-14 17:37:44.307728',4,_binary '',11),(21,'이거 몇명까지 늘어나는거에요?','2023-11-14 17:37:44.823140',1,_binary '',5),(22,'이거 몇명까지 늘어나는거에요?','2023-11-14 17:37:48.673895',1,_binary '',5),(23,'이거 몇명까지 늘어나는거에요?','2023-11-14 17:37:51.965472',1,_binary '',5),(24,'이거 몇명까지 늘어나는거에요?','2023-11-14 17:37:56.063108',1,_binary '',5),(25,'이거 몇명까지 늘어나는거에요?','2023-11-14 17:37:59.735691',1,_binary '',5),(26,'이거 몇명까지 늘어나는거에요?','2023-11-14 17:38:03.384569',1,_binary '',5),(27,'이거 몇명까지 늘어나는거에요?','2023-11-14 17:38:07.709725',2,_binary '',5),(28,'배고파요ㅗ\n','2023-11-14 17:38:10.521838',4,_binary '',11),(29,'이거 몇명까지 늘어나는거에요?','2023-11-14 17:38:11.446880',1,_binary '',5),(30,'이거 몇명까지 늘어나는거에요?','2023-11-14 17:38:15.406735',3,_binary '',5),(31,'이거 몇명까지 늘어나는거에요?','2023-11-14 17:38:19.334876',4,_binary '',5),(32,'이거 몇명까지 늘어나는거에요?','2023-11-14 17:38:23.729014',4,_binary '',5),(33,'뭐지','2023-11-14 17:38:26.165520',3,_binary '',11),(34,'이거 몇명까지 늘어나는거에요?','2023-11-14 17:38:28.836024',4,_binary '',5),(35,'고생이 많으십니다','2023-11-14 17:38:30.287602',3,_binary '',11),(36,'이거 몇명까지 늘어나는거에요?','2023-11-14 17:38:32.787508',4,_binary '',5),(37,'이거 몇명까지 늘어나는거에요?','2023-11-14 17:38:37.784054',4,_binary '',5),(38,'이거 몇명까지 늘어나는거에요?','2023-11-14 17:38:44.169795',2,_binary '',5),(39,'이거 몇명까지 늘어나는거에요?','2023-11-14 17:38:48.295364',1,_binary '',5),(40,'이거 몇명까지 늘어나는거에요?','2023-11-14 17:38:51.702857',1,_binary '',5),(41,'이거 몇명까지 늘어나는거에요?','2023-11-14 17:38:55.457574',1,_binary '',5),(42,'이거 몇명까지 늘어나는거에요?','2023-11-14 17:38:59.044039',1,_binary '',5),(43,'저희 서비스랑 정말 비슷하네요!','2023-11-14 17:39:03.118750',2,_binary '',11),(44,'하이하이테이블','2023-11-14 17:42:18.954785',4,_binary '',11),(45,'숭배합니다, GOAT','2023-11-14 17:42:29.039836',4,_binary '',11),(46,'하이 !! 하이하이','2023-11-14 17:42:55.179220',3,_binary '\0',3),(47,'ooo','2023-11-14 17:43:04.288754',4,_binary '',11),(48,'안냐세요?','2023-11-14 17:43:33.204175',4,_binary '',11),(49,'ㅠㅎㅇㅎ','2023-11-14 17:43:33.923371',4,_binary '',11),(50,'이걸 날려?이걸 날려?이걸 날려?이걸 날려?이걸 날려?이걸 날려?이걸 날려?이걸 날려?이걸 날려?이걸 날려?이걸 날려?이걸 날려?이걸 날려?이걸 날려?이걸 날려?이걸 날려?이걸 날려?이걸 날려?이걸 ','2023-11-14 17:43:51.028563',1,_binary '',11),(51,'맴매!','2023-11-14 17:44:20.912698',3,_binary '',11),(52,'Three.js 잘쓰고싶어요','2023-11-14 17:44:21.163260',4,_binary '',11),(53,'안녕하세요.','2023-11-14 17:44:22.944452',1,_binary '',11),(54,'맥북 디자인을...??? 전지전능한 삼성 ssafy에서???','2023-11-14 17:44:42.072911',1,_binary '',11),(55,'여기는 뭐죠','2023-11-14 17:45:21.095629',1,_binary '\0',10),(56,'뭐야','2023-11-14 17:45:37.885015',2,_binary '',1),(57,'이거 몇명까지 늘어나는거에요?','2023-11-14 17:46:18.813970',1,_binary '',5),(58,'이거 몇명까지 늘어나는거에요?','2023-11-14 17:46:23.077413',1,_binary '',5),(59,'이거 몇명까지 늘어나는거에요?','2023-11-14 17:46:27.319150',4,_binary '',5),(60,'이거 몇명까지 늘어나는거에요?','2023-11-14 17:46:30.864974',1,_binary '',5),(61,'이거 몇명까지 늘어나는거에요?','2023-11-14 17:46:34.283751',1,_binary '',5),(62,'이거 몇명까지 늘어나는거에요?','2023-11-14 17:46:38.452172',3,_binary '',5),(63,'이거 몇명까지 늘어나는거에요?','2023-11-14 17:46:41.921144',1,_binary '',5),(64,'이거 몇명까지 늘어나는거에요?','2023-11-14 17:46:45.449648',1,_binary '',5),(65,'세상에서 가장 뜨거운 과일은\n\'천도\' 복숭아','2023-11-14 17:46:54.739493',2,_binary '',11),(66,'이거 읽을 수 있나?','2023-11-14 17:46:55.199637',1,_binary '',5),(67,'이거 몇명까지 늘어나는거에요?','2023-11-14 17:46:58.818565',1,_binary '',5),(68,'이거 몇명까지 늘어나는거에요?','2023-11-14 17:47:03.995852',4,_binary '',5),(69,'이거 몇명까지 늘어나는거에요?','2023-11-14 17:47:08.935541',1,_binary '',5),(70,'이거 몇명까지 늘어나는거에요?','2023-11-14 17:47:13.078736',4,_binary '',5),(71,'이거 몇명까지 늘어나는거에요?','2023-11-14 17:47:16.783877',3,_binary '',5),(72,'이거 몇명까지 늘어나는거에요?','2023-11-14 17:47:21.782730',2,_binary '',5),(73,'은정아 사랑해 은정아 넌 정말 최고야 넌 정말 멋쪄\n우리 프로젝트 3번이나 가입해줘서 정말 고마워 너 천사야?\n날개제거 수술 언제 해써 미쳐땨 곽은정','2023-11-14 17:47:23.836449',4,_binary '',14),(74,'이거 몇명까지 늘어나는거에요?','2023-11-14 17:47:25.911581',4,_binary '',5),(75,'이거 몇명까지 늘어나는거에요?','2023-11-14 17:47:29.965655',4,_binary '',5),(76,'이거 몇명까지 늘어나는거에요?','2023-11-14 17:47:33.481788',1,_binary '',5),(77,'알러뷰 걸 >_<','2023-11-14 17:47:35.728008',3,_binary '',14),(78,'이거 몇명까지 늘어나는거에요?','2023-11-14 17:47:37.995836',3,_binary '',5),(79,'이거 몇명까지 늘어나는거에요?','2023-11-14 17:47:42.001123',2,_binary '',5),(80,'은정님 사랑해요 저희 플랫폼 최고의 유저 그 이름은 바로 곽.은.정\n은정아 사랑한다 우주가 널 위해 태동했고 지구는 널 위해 자전하고 천지는 널 위해 개벽했으며 낙동강은 너를 위해 흐른다. 삼국시대에 은정이가 있었다면 분명 널 가지고자 전쟁했을 것이며 원나라와 청나라가 우리나라에 쳐들어온 건 모두 널 탐내서였을 것이다. 은정이가 곧 인류이자 역사이다','2023-11-14 17:47:42.552586',4,_binary '',14),(81,'dasdsad','2023-11-14 17:47:45.358700',4,_binary '',11),(82,'이거 몇명까지 늘어나는거에요?','2023-11-14 17:47:46.271951',2,_binary '',5),(83,'이거 몇명까지 늘어나는거에요?','2023-11-14 17:47:50.172992',2,_binary '',5),(84,'은정이들 나랑 같이 놀쟈 언능 헤헤','2023-11-14 17:47:51.591844',1,_binary '',14),(85,'이거 몇명까지 늘어나는거에요?','2023-11-14 17:47:53.966794',3,_binary '',5),(86,'이거 몇명까지 늘어나는거에요?','2023-11-14 17:47:57.870006',2,_binary '',5),(87,'이거 몇명까지 늘어나는거에요?','2023-11-14 17:48:02.156841',2,_binary '',5),(88,'이거 몇명까지 늘어나는거에요?','2023-11-14 17:48:06.467393',4,_binary '',5),(89,'이거 몇명까지 늘어나는거에요?','2023-11-14 17:48:09.665830',1,_binary '',5),(90,'이거 몇명까지 늘어나는거에요?','2023-11-14 17:48:15.587896',4,_binary '',5),(91,'이거 몇명까지 늘어나는거에요?','2023-11-14 17:49:07.390585',4,_binary '',5),(92,'이거 읽을 수 있 남? ','2023-11-14 17:49:17.022966',1,_binary '',5),(93,'여기 누구 페이지임?','2023-11-14 17:49:31.593644',1,_binary '',5),(94,'최고 은정이 은정이 최고 최고 하트 ','2023-11-14 17:49:35.240599',2,_binary '',14),(95,'좋은 하루 보내세요','2023-11-14 17:49:39.028447',1,_binary '',5),(96,'이거 몇명까지 늘어나는거에요?','2023-11-14 17:49:42.313773',1,_binary '',5),(97,'이거 몇명까지 늘어나는거에요?','2023-11-14 17:49:47.032765',4,_binary '',5),(98,'이거 몇명까지 늘어나는거에요?','2023-11-14 17:49:49.906148',1,_binary '',5),(99,'이거 몇명까지 늘어나는거에요?','2023-11-14 17:49:53.118718',1,_binary '',5),(100,'이 편지는 영국에서 시작되어,,','2023-11-14 17:50:02.891711',1,_binary '',5),(101,'이거 몇명까지 늘어나는거에요?','2023-11-14 17:50:33.217217',1,_binary '',5),(102,'이거 몇명까지 늘어나는거에요?','2023-11-14 17:51:23.091433',1,_binary '',5),(103,'이 운석으로 너의 머리를 공격할 것이다','2023-11-14 17:51:36.741855',4,_binary '',11),(104,'이거 몇명까지 늘어나는거에요?','2023-11-14 17:51:38.491500',1,_binary '',5),(105,'이거 몇명까지 늘어나는거에요?','2023-11-14 17:51:41.640626',1,_binary '',5),(106,'이거 몇명까지 늘어나는거에요?','2023-11-14 17:51:45.227065',1,_binary '',5),(107,'이거 몇명까지 늘어나는거에요?','2023-11-14 17:52:00.896593',1,_binary '',5),(108,'이거 몇명까지 늘어나는거에요?','2023-11-14 17:52:04.166768',1,_binary '',5),(109,'이거 몇명까지 늘어나는거에요?','2023-11-14 17:52:07.220240',1,_binary '',5),(110,'하이용','2023-11-14 17:52:16.643011',3,_binary '',11),(111,'ㄴㅁㅇㄹ','2023-11-14 17:53:00.142150',4,_binary '',11),(112,'123','2023-11-14 17:53:27.269540',4,_binary '',11),(113,'w2ww','2023-11-14 17:54:14.090829',4,_binary '\0',12),(114,'무슨 내용이용?','2023-11-14 17:55:02.744582',4,_binary '',11),(115,'??????????????????????','2023-11-14 17:55:40.111777',2,_binary '',11),(116,'별이샴샵~~~! 이러케 멋진걸 만드는 예슬이언니,, 제 피피티도 만들어주세여,,?','2023-11-14 18:22:10.605527',2,_binary '\0',3),(117,'?_?','2023-11-14 18:22:57.251704',3,_binary '',11),(118,'오저뭐?','2023-11-14 18:23:06.845804',3,_binary '\0',20),(119,'꾸우우우구우구우우궁','2023-11-14 18:23:28.307383',2,_binary '\0',20),(120,'한번 읽으면 없어지네!? 신기방기\n일부러 너넬 안만난게 아니지만..\n안만나니까 계속 못만나겠더라.. \n구냥 뭔가 내 상황이 스스로 완전하지 못하다고 생각해서?!\n친구들 만나는 것도 엄청난 용기가 필요해졌어.. 후잉ㅠ \n벌써 은정ㅇ이 생일이네.. 밥 먹자 ! 술 말고*^^*','2023-11-14 18:29:48.788965',2,_binary '',1),(121,'아아아앙 기분좋아','2023-11-14 20:06:24.250461',4,_binary '',11),(122,'asdklfjlasdkjflksdajfl마러ㅣㅁㄴ아ㅓ라ㅣㅇ너리ㅏㅁㄴ어리ㅏㅁㄴ어럼ㄴ이라ㅓㅁㅇ니ㅏ렁ㅁ니ㅏ럼니아러아ㅣ널마ㅣㄴ어리ㅏㅁㄴ얼인ㅁㄹㅇㄴ러ㅏㅣㅁㄴㅇ러 ㅣㅏㅁㅇ너림아너리아ㅓ리언리어ㅣ라ㅓ이러ㅣㅁㄴ아러민아러ㅣㄴ어리ㅏㅁ너림ㄴ아ㅓ리ㅏㅁㄴ어림ㄴ어리ㅏㅁㄴ얼아얼미ㅏ어라ㅣㅇ너리마ㅓ리만ㅇ러ㅣ마너린아머리머림나러ㅣㄴㅇ러ㅣㅁㄴ러나ㅣㅁㅇ럼ㄴ이러ㅣㅓㅏㅣㅓㅣㅓㅣㅏㅓㅣㅏㅓㅣㅓㅣㅏㅓㅣㅓㅣㅓㅣㅓㅣㅓㅣㅏㅓㅣㅏㅓㅣㅏㅓㅣㅓㅣㅓㅓㅓㅓㅓㅓㅓㅓㅓㅓㅓㅓㅓㅓㅓㅓㅓㅓㅓㅓㅓㅓㅓㅓㅓㅓㅓㅓㅓㅓㅓㅓㅓㅓㅓㅓㅓㅓㅓㅓㅓㅓㅓㅓㅓㅓㅓㅓㅓㅓㅓㅓㅓㅓㅓㅓㅓㅓㅓㅓㅓㅓㅓㅓㅓㅓㅓㅓㅓㅓㅓㅓㅓㅓㅓㅓㅓㅓㅓㅓㅓ','2023-11-15 10:49:57.766716',1,_binary '',1),(123,'ㅁㅇㄹㅇ니러ㅣㅁㄴ아ㅓ리ㅏㄴ어라ㅣㄴ어라ㅣ얼아어ㅣ어어어ㅓ어어어어어엉ㅇㅇㅇㅇㅇㅇㅇㅇㅇㅇㅇㅇㅇㅇㅇㅇㅇㅇㅇㅇㅇㅇㅇㅇㅇㅇㅇㅇㅇㅇㅇㅇㅇㅇㅇㅇㅇㅇㅇㅇㅇㅇㅇㅇㅇㅇㅇㅇㅇㅇㅇㅇㅇㅇㅇㅇㅇㅇㅇㅇㅇㅇㅇㅇㅇㅇㅇㅇㅇㅇㅇㅇㅇㅇㅇㅇㅇㅇㅇㅇㅇㅇㅇㅇㅇㅇㅇㅇㅇㅇㅇㅇㅇㅇㅇㅇㅇㅇㅇㅇㅇㅇㅇㅇㅇㅇㅇㅇㅇㅇㅇㅇㅇㅇㅇㅇㅇㅇㅇㅇㅇㅇㅇㅇㅇㅇㅇㅇㅇㅇㅇㅇㅇㅇㅇㅇㅇㅇㅇㅇㅇㅇㅇㅇㅇㅇㅇㅇㅇㅇㅇㅇㅇㅇㅇㅇㅇㅇㅇㅇㅇㅇㅇㅇㅇㅇㅇㅇㅇㅇㅇㅇㅇㅇㅇㅇㅇㅇㅇㅇㅇㅇㅇㅇㅇㅇㅇㅇㅇㅇㅇㅇㅇㅇㅇㅇㅇㅇㅇㅇㅇㅇㅇㅇㅇㅇㅇㅇㅇㅇㅇㅇㅇㅇㅇㅇㅇㅇㅇㅇㅇㅇㅇㅇㅇㅇㅇㅇㅇㅇㅇㅇㅇㅇㅇㅇㅇㅇㅇㅇㅇㅇㅇㅇㅇㅇㅇㅇㅇㅇㅇㅇㅇㅇㅇㅇㅇㅇㅇㅇㅇㅇㅇㅇㅇ','2023-11-15 10:50:58.311212',2,_binary '',1),(124,'ㅇㅇㅇㅇㅇㅇㅇㅇㅇㅇㅇㅇㅇㅇㅇㅇㅇㅇㅇㅇㅇㅇㅇㅇㅇㅇㅇㅇㅇㅇㅇㅇㅇㅇㅇㅇㅇㅇㅇㅇㅇㅇㅇㅇㅇㅇㅇㅇㅇㅇㅇㅇㅇㅇㅇㅇㅇㅇㅇㅇㅇㅇㅇㅇㅇㅇㅇㅇㅇㅇㅇㅇㅇㅇㅇㅇㅇㅇㅇㅇㅇㅇㅇㅇㅇㅇㅇㅇㅇㅇㅇㅇㅇㅇㅇㅇㅇㅇㅇㅇㅇㅇㅇㅇㅇㅇㅇㅇㅇㅇㅇㅇㅇㅇㅇㅇㅇㅇㅇㅇㅇㅇㅇㅇㅇㅇㅇㅇㅇㅇㅇㅇㅇㅇㅇㅇㅇㅇㅇㅇㅇㅇㅇㅇㅇㅇㅇㅇㅇㅇㅇㅇㅇㅇㅇㅇㅇㅇㅇㅇㅇㅇㅇㅇㅇㅇㅇㅇㅇㅇㅇㅇㅇㅇㅇㅇㅇㅇㅇㅇㅇㅇㅇㅇㅇㅇㅇㅇㅇㅇㅇㅇㅇㅇㅇㅇㅇㅇㅇㅇㅇㅇㅇㅇㅇㅇㅇㅇㅇㅇㅇㅇㅇㅇㅇㅇㅇㅇㅇㅇㅇㅇㅇㅇㅇㅇㅇㅇㅇㅇㅇㅇㅇㅇㅇㅇㅇㅇㅇㅇㅇㅇㅇㅇㅇㅇㅇㅇㅇㅇㅇㅇㅇㅇㅇㅇㅇㅇㅇㅇㅇㅇㅇㅇㅇㅇㅇㅇㅇㅇㅇㅇㅇㅇㅇㅇㅇㅇㅇㅇㅇㅇㅇㅇㅇㅇㅇㅇㅇㅇㅇㅇㅇㅇㅇㅇㅇㅇㅇ0','2023-11-15 10:53:32.489428',4,_binary '',1),(125,'디지털 세상을 잇는 민들레 꽃씨','2023-11-15 10:58:09.848837',4,_binary '',1),(126,'디지털','2023-11-15 10:58:29.275604',4,_binary '',1),(127,'하잉','2023-11-15 10:59:01.652181',2,_binary '',1),(128,'adfdsf','2023-11-15 11:22:04.927405',2,_binary '',2),(129,'adfsdaf','2023-11-15 11:22:10.538126',3,_binary '',2),(130,'adfdsf','2023-11-15 11:58:15.438347',2,_binary '',2),(131,'df','2023-11-15 11:58:26.160752',3,_binary '',2),(132,'df','2023-11-15 11:58:34.029631',1,_binary '',2),(133,'df','2023-11-15 11:58:42.735943',2,_binary '',2),(134,'adf','2023-11-15 11:58:50.478557',4,_binary '',2),(135,'adfds','2023-11-15 11:59:00.982316',2,_binary '',2),(136,'adsfd','2023-11-15 11:59:05.472668',4,_binary '',2),(137,'adfds','2023-11-15 11:59:12.244625',2,_binary '',2),(138,'adf','2023-11-15 11:59:41.927076',1,_binary '',2),(139,'adf','2023-11-15 11:59:46.535284',2,_binary '',2),(140,'asdf','2023-11-15 11:59:53.028335',3,_binary '',2),(141,'명지나 잘 지내..?\n보구싶오..\n온니는 명진이 없어서 너무 심심하고 쓸쓸하고 외로와,,\n이제 명진이 없어서 내가 t로 변하고 있어\n아직 T는 아니고 t이긴 한데 점점 T가 될 거 같아\n어쨋든 랴뷰 (๓´˘`๓)♡','2023-11-15 12:16:23.049725',3,_binary '',25),(142,'명진아 왜 이제 카톡 안보내줘? 나 차단한거야? 나 차단한거야? 나 차단한거야? 고양이 밥 주러가야지! 고양이 츄르주러가야지!','2023-11-15 12:24:04.807171',3,_binary '',25),(143,'좋아..?','2023-11-15 15:42:05.000066',2,_binary '',25),(144,'이제 프로젝트 끝났으니까\n맛있는 거 먹으러 가자~~~\n놀러 가자~~~~','2023-11-15 15:42:40.147812',2,_binary '',2),(145,'적당히 귀여워라 김예슬\n더 귀여워지면 곤란해','2023-11-15 16:29:21.071541',2,_binary '',2),(146,'안뇽 은정아 내가 누구게 맞춰봐랑 우하하','2023-11-15 16:30:47.714936',4,_binary '\0',14),(147,'안뇽 안뇽 우리 멀캠 서류합격 제발 했으면 좋겠댜 ㅠ\n근데 왜 지샅이냐구 맘에 안들어ㅓㅓㅠ','2023-11-15 16:31:09.074509',3,_binary '\0',14),(148,'귀여운 은정이','2023-11-15 16:31:19.433229',2,_binary '\0',14),(149,'연디야 아푸지마\n내가 붕어빵 꾸어주께\n자몽 에이드도 만들어 쥬께\n소불고기도 볶아 줄게\n라떼도 만들어 쥬께\n초코 라떼도 만들어 쥬께\n아프디마.. 나의 쎄뇨라떼..','2023-11-15 16:40:18.648910',4,_binary '',33),(150,'연디야\n너 없이 등교하고 하교하고 밥 먹고\n요즘 하루가 너무 길어\n아푸디마 도토.. 도토…\n도토리야…!','2023-11-15 17:04:30.701611',3,_binary '\0',33),(151,'오 신기해','2023-11-15 17:17:56.750469',4,_binary '\0',33),(152,'가끔 궁금해.. 연진아..','2023-11-16 10:32:28.813775',2,_binary '\0',6),(153,'나는, 너의 아주 오래된 소문이 될거거든...','2023-11-16 10:32:54.640776',2,_binary '\0',6),(154,'안뇽 은정앙\n6주동안 함께 프로젝트 한다고 고생많아써!\n새로운 기술들을 써서 많이 힘들었을텐데 그래도 이렇게 성과를 내서 너무 죠타!!\n고생 많았구 우리 이제 꽃길만 걷쟈귱 >_<\n히히','2023-11-16 10:33:38.156133',4,_binary '',6),(155,'은정아 그거 알아? 너무 예쁜걸 봐서 기분이 좋아지면 단기 기억상실증이 걸린대~ㅋㅋ 어이없지 않아? 뭔 기억을 잃어ㅋㅋㅋㅋ 아 맞다 근데 은정아 그거 알아? 너무 예쁜걸 봐서 기분이 좋아지면 단기 기억상실증이 걸린대~ㅋㅋ 어이없지 않아? 뭔 기억을 잃어ㅋㅋㅋㅋ 아 맞다 근데 은정아 그거 알아? 너무 예쁜걸 봐서 기분이 좋아지면 단기 기억상실증이 걸린대~ㅋㅋ 어이없지 않아? 뭔 기억을 잃어ㅋㅋㅋㅋ 아 맞다 근데 은정아 그거 알아? 너무 예쁜걸 봐서 기분이 좋아지면 단기 기억상실증이 걸린대~ㅋㅋ 어이없지 않아? 뭔 기억을 잃어ㅋㅋㅋㅋ','2023-11-16 10:39:44.889386',4,_binary '',6),(156,'여긴 쪽지함...여긴 쪽지함.. 빵빵아.. 쪽지야..빵빵아.. 쪽지야..빵빵아.. 쪽지야..빵빵아.. 쪽지야..빵빵아.. 쪽지야..빵빵아.. 쪽지야..빵빵아.. 쪽지야..빵빵아.. 쪽지야..빵빵아.. 쪽지야..빵빵아.. 쪽지야..빵빵아.. 쪽지야..빵빵아.. 쪽지야..빵빵아.. 쪽지야..빵빵아.. 쪽지야..빵빵아.. 쪽지야..빵빵아.. 쪽지야..빵빵아.. 쪽지야..빵빵아.. 쪽지야..빵빵아.. 쪽지야..빵빵아.. 쪽지야..빵빵아.. 쪽지야..빵빵아.. 쪽지야..빵빵아.. 쪽지야..빵빵아.. 쪽지야..빵빵아.. 쪽지얌..','2023-11-16 10:40:50.554266',1,_binary '\0',6),(157,'맘모스빵 맛있더라','2023-11-16 10:41:19.285883',3,_binary '\0',6),(158,'뚜루루루룹 뚜','2023-11-16 10:41:37.565001',4,_binary '\0',6),(159,'암어 배디밷밷 배딥배디 프리리 리를 뤼스키 베뒤 뭐든 뭐든 될 대로 되라지 Catch me if you can ㅋ\n배고파 라면 먹어야지~','2023-11-16 10:45:21.045876',4,_binary '\0',6),(160,'어디까지나오는거에요어디까지나오는거에요어디까지나오는거에요어디까지나오는거에요어디까지나오는거에요어디까지나오는거에요어디까지나오는거에요어디까지나오는거에요어디까지나오는거에요어디까지나오는거에요어디까지나오는거에요어디까지나오는거에요어디까지나오는거에요어디까지나오는거에요어디까지나오는거에요어디까지나오는거에요어디까지나오는거에요어디까지나오는거에요어디까지나오는거에요어디까지나오는거에요어디까지나오는거에요어디까지나오는거에요어디까지나오는거에요어디까지나오는거에요어디까지나오는거에요어디까지나오는거에요어디까지나오는거에요어디까지나오는거에요어디까지나오는거에요어디까지나오는거에요','2023-11-16 10:46:22.846262',2,_binary '',2),(161,'눈물이 스며든 아스팔트에 다시 꽃을 피워요\n지금도 떨어질 것 같은 밤하늘에 말할 수 있어 “Hello”\n설령 내일이 오지 않는다고 해도 네 곁에 있을 수 있다면\n전하고 싶어 이 눈에 비치는 것\n그러니까 이 손을 놓지 말아줘','2023-11-16 10:56:46.392336',4,_binary '',6),(162,'우리는 선처럼 가만히 누워\n닿지 않는 천장에 손을 뻗어보았지\n별을\n진짜 별을 손으로 딸 수 있으면 좋을 텐데\n그럼 너의 앞에 한쪽만 무릎 꿇고\n저 멀고 먼 하늘의 끝 빛나는 작은 별\n너에게 줄게\n다녀올게\n말할 수 있을 텐데','2023-11-16 10:56:49.360583',4,_binary '\0',6),(163,'나와 같이 가요\n그럼 당신은\n순수한 상상의 세계에 있게 돼요\n\n주위를 둘러봐요\n그럼 당신은\n당신이 상상한 것을 보게 될 거예요\n\n한 바퀴 돌면\n시작할 거에요\n내가 만든 세계를 여행하는 거예요\n\n설명할 수 없는 것을 보게 되겠죠','2023-11-16 11:20:11.629664',3,_binary '',6),(164,'사람들은 빛과 반짝임을 봐\n에펠탑, 센느강, 축제\n하지만 내가 이 거리에 오면\n난 더 이상 대답해주지 않는 널 생각해\n\n다시는 널 볼 수 없다해도\n넌 항상 내 일부일거야\n다른 많은 사람들에게 이건 마법이야\n사랑, 바게트, 파리','2023-11-16 11:20:17.650105',1,_binary '',6),(165,'배고파 맛있는거 해줘~~','2023-11-16 12:02:24.528996',4,_binary '',2),(166,'써지고 있는거 맞아?','2023-11-16 12:02:43.027828',1,_binary '',2),(167,'아무것도 없이 그냥 익명 메세지 보내는거야?','2023-11-16 12:02:59.521732',4,_binary '',2),(168,'gdgd','2023-11-16 13:46:07.146953',4,_binary '',2),(169,'우주똥덩어리 습득\n김예슬이 지구에 남긴 똥덩어리가 우주로 날아와 우주쓰레기가 되었다\n내가 그것을 습득했다\n','2023-11-16 13:46:38.682214',4,_binary '',2),(170,'우리 서비스 어때 귀엽지?\n우하하\n맘껏 감탄해도 돼~~\n성현 면접 잘 보고 꼭 삼성 들어가서 나 맛있는거 사줘\n미리 고마워','2023-11-16 14:33:27.187267',3,_binary '\0',39),(171,'안뇽 예슬아 이거 너무 이쁘다 넘 갬성적이야\n내스타일이야\n만든다고 고생했어.. three.js .... 나는 버렸지만.. 너네는 헤냈구나....\n이뿌다 야호!','2023-11-16 16:05:12.951422',4,_binary '',2),(172,'나 너 좋아해','2023-11-16 16:10:01.092863',4,_binary '\0',5),(173,'아이콘 구려요 예쁜걸로 만들엊 ㅓ','2023-11-16 17:11:51.077262',2,_binary '\0',6),(174,'안뇽 은정아 오늘 프로젝트 마지막 날이넹!\n그동안 고생 정말 많아써!!\n우리조 최강이야!!','2023-11-17 09:15:34.129213',4,_binary '',6),(175,'이야후','2023-11-17 09:29:16.842421',2,_binary '\0',11),(176,'ㅇㅇㅇㅇㅇㅇㅇㅇㅇㅇㅇㅇㅇㅇㅇㅇㅇㅇㅇㅇㅇㅇㅇㅇㅇㅇㅇㅇㅇㅇㅇㅇㅇㅇㅇㅇㅇㅇㅇㅇㅇㅇㅇㅇㅇㅇㅇㅇㅇㅇㅇㅇㅇㅇㅇㅇㅇㅇㅇㅇㅇㅇㅇㅇㅇㅇㅇㅇㅇㅇㅇㅇㅇㅇㅇㅇㅇㅇㅇㅇㅇㅇㅇㅇㅇㅇㅇㅇㅇㅇㅇㅇㅇㅇㅇㅇㅇㅇㅇㅇㅇㅇㅇㅇㅇㅇㅇㅇㅇㅇㅇㅇㅇㅇㅇㅇㅇㅇㅇㅇㅇㅇㅇㅇㅇㅇㅇㅇㅇㅇㅇㅇㅇㅇㅇㅇㅇㅇㅇㅇㅇㅇㅇㅇㅇㅇㅇㅇㅇㅇㅇㅇㅇㅇㅇㅇㅇㅇㅇㅇㅇㅇㅇㅇㅇㅇㅇㅇㅇㅇㅇㅇㅇㅇㅇㅇㅇㅇㅇㅇㅇㅇㅇㅇㅇㅇㅇㅇㅇㅇㅇㅇㅇㅇㅇㅇㅇㅇㅇㅇㅇㅇㅇㅇㅇㅇㅇㅇㅇㅇㅇㅇㅇㅇㅇㅇㅇㅇㅇㅇㅇㅇㅇㅇㅇㅇㅇㅇㅇㅇㅇㅇㅇㅇㅇㅇㅇㅇㅇㅇㅇㅇㅇㅇㅇㅇㅇㅇㅇㅇㅇㅇㅇㅇㅇㅇㅇㅇㅇㅇㅇㅇㅇㅇㅇㅇㅇㅇㅇㅇㅇㅇㅇㅇㅇㅇㅇㅇㅇㅇㅇㅇㅇㅇㅇㅇㅇㅇㅇㅇㅇㅇㅇㅇㅇㅇㅇㅇㅇㅇ','2023-11-17 09:51:46.649395',3,_binary '',2),(177,'메롱','2023-11-17 10:09:51.597061',3,_binary '\0',6),(178,'고기먹고싶어요','2023-11-17 10:10:19.129210',1,_binary '',6);
/*!40000 ALTER TABLE `papers` ENABLE KEYS */;
UNLOCK TABLES;

--
-- Table structure for table `rolls`
--

DROP TABLE IF EXISTS `rolls`;
/*!40101 SET @saved_cs_client     = @@character_set_client */;
/*!50503 SET character_set_client = utf8mb4 */;
CREATE TABLE `rolls` (
  `roll_id` bigint NOT NULL AUTO_INCREMENT,
  `member_id` bigint NOT NULL,
  PRIMARY KEY (`roll_id`),
  KEY `FK5ryjapuruwr7wym4wes3os1ee` (`member_id`),
  CONSTRAINT `FK5ryjapuruwr7wym4wes3os1ee` FOREIGN KEY (`member_id`) REFERENCES `members` (`member_id`)
) ENGINE=InnoDB AUTO_INCREMENT=46 DEFAULT CHARSET=utf8mb4 COLLATE=utf8mb4_unicode_ci;
/*!40101 SET character_set_client = @saved_cs_client */;

--
-- Dumping data for table `rolls`
--

LOCK TABLES `rolls` WRITE;
/*!40000 ALTER TABLE `rolls` DISABLE KEYS */;
INSERT INTO `rolls` VALUES (1,1),(2,2),(3,3),(4,4),(5,5),(6,6),(7,7),(8,8),(9,9),(10,10),(11,11),(12,12),(13,13),(14,14),(15,15),(16,16),(17,17),(18,18),(19,19),(20,20),(21,21),(22,22),(23,23),(24,24),(25,25),(26,26),(27,27),(28,28),(29,29),(30,30),(31,31),(32,32),(33,33),(34,34),(35,35),(36,36),(37,37),(38,38),(39,39),(40,40),(41,41),(42,42),(43,43),(44,44),(45,45);
/*!40000 ALTER TABLE `rolls` ENABLE KEYS */;
UNLOCK TABLES;

--
-- Table structure for table `rooms`
--

DROP TABLE IF EXISTS `rooms`;
/*!40101 SET @saved_cs_client     = @@character_set_client */;
/*!50503 SET character_set_client = utf8mb4 */;
CREATE TABLE `rooms` (
  `room_id` bigint NOT NULL AUTO_INCREMENT,
  `created_at` datetime(6) NOT NULL,
  `is_first` bit(1) DEFAULT NULL,
  `is_read` bit(1) NOT NULL DEFAULT b'0',
  `is_reply` bit(1) NOT NULL DEFAULT b'0',
  `receiver_id` bigint NOT NULL,
  `receiver_name` varchar(255) COLLATE utf8mb4_unicode_ci NOT NULL,
  `recent_at` datetime(6) DEFAULT NULL,
  `send_status` varchar(255) COLLATE utf8mb4_unicode_ci DEFAULT NULL,
  `sender_id` bigint NOT NULL,
  `sender_name` varchar(255) COLLATE utf8mb4_unicode_ci NOT NULL,
  `store` bit(1) DEFAULT b'0',
  `temporary_at` datetime(6) DEFAULT NULL,
  PRIMARY KEY (`room_id`)
) ENGINE=InnoDB AUTO_INCREMENT=39 DEFAULT CHARSET=utf8mb4 COLLATE=utf8mb4_unicode_ci;
/*!40101 SET character_set_client = @saved_cs_client */;

--
-- Dumping data for table `rooms`
--

LOCK TABLES `rooms` WRITE;
/*!40000 ALTER TABLE `rooms` DISABLE KEYS */;
INSERT INTO `rooms` VALUES (1,'2023-11-14 16:59:10.077626',_binary '\0',_binary '\0',_binary '\0',2,'뜨거운 병아리','2023-11-16 09:56:04.278052',NULL,1,'네모난 디멘터',_binary '\0','2023-11-16 09:56:04.278052'),(2,'2023-11-14 17:07:46.954568',_binary '\0',_binary '\0',_binary '\0',1,'이기적인 펭귄','2023-11-15 17:05:42.068907',NULL,4,'쿨한 표범',_binary '\0','2023-11-15 17:05:42.068907'),(3,'2023-11-14 17:25:23.570731',_binary '\0',_binary '\0',_binary '\0',1,'새하얀 삽살개','2023-11-16 17:14:02.725015',NULL,9,'성실한 진돗개',_binary '\0','2023-11-16 17:14:02.725015'),(4,'2023-11-14 17:27:01.103707',_binary '',_binary '\0',_binary '\0',7,'파파보이 여우',NULL,NULL,10,'걱정하는 패럿',_binary '\0',NULL),(5,'2023-11-14 17:32:46.880916',_binary '',_binary '\0',_binary '\0',10,'형편없는 사슴',NULL,NULL,11,'흥겨운 피글렛',_binary '\0',NULL),(6,'2023-11-14 17:34:06.538525',_binary '',_binary '\0',_binary '\0',4,'꿈이많은 삽살개',NULL,NULL,2,'미세한 코끼리',_binary '\0',NULL),(7,'2023-11-14 17:35:46.518555',_binary '',_binary '\0',_binary '\0',10,'파파걸 진돗개',NULL,NULL,13,'아늑한 코뿔소',_binary '\0',NULL),(8,'2023-11-14 17:46:52.653723',_binary '',_binary '\0',_binary '\0',14,'뻥쟁이 공작새',NULL,NULL,15,'뇌절하는 고래',_binary '\0',NULL),(9,'2023-11-14 17:56:29.786388',_binary '',_binary '\0',_binary '\0',15,'칙칙한 돌고래',NULL,NULL,16,'안경쓴 고래',_binary '\0',NULL),(10,'2023-11-14 17:59:31.943455',_binary '',_binary '\0',_binary '\0',3,'섹시한 빅풋',NULL,NULL,17,'허스키한 돌고래',_binary '\0',NULL),(11,'2023-11-14 18:13:52.420970',_binary '',_binary '\0',_binary '\0',17,'미간이넓은 자라',NULL,NULL,5,'간이큰 홍학',_binary '\0',NULL),(12,'2023-11-14 19:39:14.816043',_binary '',_binary '\0',_binary '\0',17,'허스키한 낙타',NULL,NULL,24,'방구뀌는 염소',_binary '\0',NULL),(13,'2023-11-14 20:06:45.673632',_binary '\0',_binary '\0',_binary '\0',2,'엉엉우는 표범','2023-11-16 09:56:36.621611',NULL,25,'짜증나는 살모사',_binary '\0','2023-11-16 09:56:36.621611'),(14,'2023-11-15 09:50:07.806574',_binary '\0',_binary '\0',_binary '\0',6,'기타치는 불사조','2023-11-16 15:07:30.654468',NULL,1,'젊은 족제비',_binary '\0','2023-11-16 15:07:30.654468'),(15,'2023-11-15 10:33:11.591542',_binary '',_binary '\0',_binary '\0',7,'아름다운 다람쥐',NULL,NULL,6,'만년꼴등 산토끼',_binary '\0',NULL),(16,'2023-11-15 14:34:06.158617',_binary '',_binary '\0',_binary '\0',29,'추운 하프물범',NULL,NULL,30,'옴므파탈 익룡',_binary '\0',NULL),(17,'2023-11-15 14:36:07.683670',_binary '\0',_binary '\0',_binary '\0',1,'이마가넓은 백조','2023-11-15 17:06:00.249681',NULL,29,'세련된 알파카',_binary '\0','2023-11-15 17:06:00.249681'),(18,'2023-11-15 14:44:57.213082',_binary '',_binary '\0',_binary '\0',7,'사악한 빅풋',NULL,NULL,31,'짓궂은 샐러맨더',_binary '\0',NULL),(19,'2023-11-15 16:01:19.539841',_binary '',_binary '\0',_binary '\0',31,'설사쟁이 비둘기',NULL,NULL,32,'형편없는 개구리',_binary '\0',NULL),(20,'2023-11-15 16:24:06.866602',_binary '',_binary '\0',_binary '\0',30,'소설쓰는 기러기',NULL,NULL,33,'심심한 낙타',_binary '\0',NULL),(21,'2023-11-15 17:23:13.416584',_binary '\0',_binary '\0',_binary '\0',9,'기타치는 홍학','2023-11-16 17:13:43.039256',NULL,36,'휴가간 족제비',_binary '\0','2023-11-16 17:13:43.039256'),(22,'2023-11-15 17:33:43.668605',_binary '',_binary '\0',_binary '\0',28,'섹시한 구렁이',NULL,NULL,1,'골골대는 코브라',_binary '\0',NULL),(23,'2023-11-16 09:55:05.402161',_binary '',_binary '\0',_binary '\0',19,'칙칙한 휴먼',NULL,NULL,2,'심심한 곰',_binary '\0',NULL),(24,'2023-11-16 10:00:43.904168',_binary '\0',_binary '\0',_binary '\0',6,'손이매운 두더지','2023-11-16 17:14:15.137605',NULL,11,'눈이높은 부엉이',_binary '\0','2023-11-16 17:14:15.137605'),(26,'2023-11-16 11:29:01.018409',_binary '\0',_binary '\0',_binary '\0',6,'설사쟁이 닭','2023-11-17 09:12:39.438541',NULL,5,'돈을훔치는 치타',_binary '\0','2023-11-17 12:03:49.524230'),(27,'2023-11-16 12:06:17.599531',_binary '\0',_binary '\0',_binary '\0',6,'걱정하는 당나귀','2023-11-16 17:12:45.023889',NULL,39,'똑똑한 바비루사',_binary '\0','2023-11-16 17:12:45.023889'),(28,'2023-11-16 15:32:41.936730',_binary '\0',_binary '\0',_binary '\0',6,'정직한 메추라기','2023-11-16 17:13:14.396221',NULL,40,'손톱때가낀 자라',_binary '\0','2023-11-16 17:13:14.396221'),(29,'2023-11-16 16:07:17.781571',_binary '\0',_binary '\0',_binary '\0',6,'짜증나는 너구리','2023-11-16 17:12:31.079038',NULL,42,'우등생 갑오징어',_binary '\0','2023-11-16 17:12:31.079038'),(30,'2023-11-16 16:08:42.358957',_binary '\0',_binary '\0',_binary '\0',2,'만년1등 햄스터',NULL,NULL,41,'예민한 원숭이',_binary '\0','2023-11-16 17:04:16.217523'),(31,'2023-11-16 17:17:18.060831',_binary '',_binary '\0',_binary '\0',38,'쿠키를먹는 소',NULL,NULL,6,'눈이충혈된 토끼',_binary '\0',NULL),(32,'2023-11-17 09:16:21.327927',_binary '',_binary '\0',_binary '\0',6,'똑똑한 호랑이',NULL,NULL,41,'날아가는 물개',_binary '\0',NULL),(33,'2023-11-17 09:17:31.233490',_binary '',_binary '\0',_binary '\0',6,'칙칙한 도시쥐',NULL,NULL,2,'뻥쟁이 불사조',_binary '\0',NULL),(34,'2023-11-17 09:23:33.666972',_binary '',_binary '\0',_binary '\0',25,'욕심많은 빅풋',NULL,NULL,5,'고주망태인 토끼',_binary '\0',NULL),(35,'2023-11-17 09:26:00.321806',_binary '',_binary '\0',_binary '\0',5,'옴므파탈 뱀',NULL,NULL,1,'불쌍한 삵',_binary '\0',NULL),(36,'2023-11-17 12:01:30.100763',_binary '',_binary '\0',_binary '\0',11,'앙증맞은 인면조','2023-11-17 12:01:30.100786',NULL,6,'젊은 기러기',_binary '\0',NULL),(37,'2023-11-17 12:03:01.810813',_binary '',_binary '\0',_binary '\0',20,'편안한 퓨마','2023-11-17 12:03:01.810825',NULL,36,'칙칙한 밍크',_binary '\0',NULL),(38,'2023-11-17 12:10:26.043246',_binary '',_binary '\0',_binary '\0',17,'만년1등 악어','2023-11-17 12:10:26.043253',NULL,45,'카사노바 여우',_binary '\0',NULL);
/*!40000 ALTER TABLE `rooms` ENABLE KEYS */;
UNLOCK TABLES;

--
-- Dumping events for database 'free'
--
/*!40103 SET TIME_ZONE=@OLD_TIME_ZONE */;

/*!40101 SET SQL_MODE=@OLD_SQL_MODE */;
/*!40014 SET FOREIGN_KEY_CHECKS=@OLD_FOREIGN_KEY_CHECKS */;
/*!40014 SET UNIQUE_CHECKS=@OLD_UNIQUE_CHECKS */;
/*!40101 SET CHARACTER_SET_CLIENT=@OLD_CHARACTER_SET_CLIENT */;
/*!40101 SET CHARACTER_SET_RESULTS=@OLD_CHARACTER_SET_RESULTS */;
/*!40101 SET COLLATION_CONNECTION=@OLD_COLLATION_CONNECTION */;
/*!40111 SET SQL_NOTES=@OLD_SQL_NOTES */;

-- Dump completed on 2023-11-17 12:15:08
